capture,M_frames,rows_per_block,tau_s,sigma_frac,spread_frac,sem_frac,n_pairs,n_blocks,rows_used,rows_skipped,n_channels,temporal_lag1,included,sigma_pct
E1,1000,1,1.0,0.03528470214507753,0.0007327112227375072,0.00010467303181964389,49,98,98,6,1437,-0.014228583162847579,True,3.528470214507753
E1,1000,2,2.0,0.02469177265551998,0.00047014231000333507,9.596739716679655e-05,24,49,98,6,1437,-0.014228583162847579,True,2.469177265551998
E1,1000,4,4.0,0.017744172450003502,0.0003640752916186795,0.00010509948381066806,12,24,98,6,1437,-0.014228583162847579,True,1.7744172450003501
E1,1000,8,8.0,0.012500690242429974,0.0001318711468475614,5.383617026202599e-05,6,12,98,6,1437,-0.014228583162847579,True,1.2500690242429973
E1,1000,16,16.0,0.008605877903917937,0.00020990030696559924,0.00012118599872957381,3,6,98,6,1437,-0.014228583162847579,False,0.8605877903917937
E2,100,1,0.1,0.11115746228940233,0.002109177737002868,0.000232919716260318,82,165,165,6,1437,-0.007914739635857702,True,11.115746228940234
E2,100,2,0.2,0.0781074921069411,0.001731541510589104,0.00027042135157498,41,82,165,6,1437,-0.007914739635857702,True,7.81074921069411
E2,100,5,0.5,0.049800412209493376,0.0011949823718069767,0.0002987455929517442,16,33,165,6,1437,-0.007914739635857702,True,4.980041220949338
E2,100,10,1.0,0.03526870740856175,0.00037548041576280654,0.00013275237409431236,8,16,165,6,1437,-0.007914739635857702,True,3.5268707408561752
E2,100,20,2.0,0.02469039186175411,0.000458244809441643,0.0002291224047208215,4,8,165,6,1437,-0.007914739635857702,False,2.469039186175411
