id,kind,source_file,utc_mid,n_rows,on_source_s,az_deg,alt_deg,tau_row_s,ra_deg,dec_deg,l_deg,b_deg,centroid_kHz,centroid_err_kHz,centroid_moment_kHz,amp_pct,amp_err_pct,smoothed_peak_pct,raw_peak_excess_pct,fwhm_kHz,fwhm_err_kHz,fwhm_kms,halfpower_width_kHz,v_bary_kms,v_solar_kms,v_motion_kms,v_lsr_kms,v_lsr_moment_kms,rms_frac,rms_diff_frac,rms_row_frac,dT_baseline_K,dT_diff_K,rms_expected_from_rows,rms_ratio_meas_over_expected,snr_peak
W,static,mergen21_spec_20260429_045525_bati.dat,2026-04-29T01:56:18.000,106,106.0,270.0,35.0,1.0,212.665,22.231,22.03,71.37,77.76,2.78,98.31,5.447,0.345,4.507,5.475,151.87,7.94,32.05,93.0,-7.121,11.623,4.502,-11.91,-16.25,0.004146,0.003349,0.037923,0.802,0.648,0.003683,0.909,16.3
S,static,mergen21_spec_20260429_045857_guney.dat,2026-04-29T01:59:48.500,103,103.0,180.0,35.0,1.0,275.624,-14.012,17.2,-0.09,172.11,0.57,162.59,18.13,0.28,22.407,25.104,77.22,1.61,16.3,107.0,24.74,14.21,38.95,2.63,4.63,0.007366,0.003277,0.035329,1.425,0.634,0.003481,0.941,55.3
E,static,mergen21_spec_20260429_050204_doggu.dat,2026-04-29T02:02:56.000,104,104.0,90.0,35.0,1.0,338.618,21.972,85.53,-30.78,138.48,0.5,135.0,7.868,0.125,11.383,12.281,88.89,1.83,18.76,106.0,19.652,7.517,27.169,-2.06,-1.32,0.004451,0.003239,0.035186,0.861,0.627,0.00345,0.939,24.3
SW01,sweep_block,mergen21_spec_20260429_050554_180partygirl_500int.dat,2026-04-29T02:06:06.000,25,25.0,,,1.0,,,,,113.92,2.12,116.24,7.958,0.708,10.89,13.133,115.55,8.41,24.39,128.0,,,,,,0.010784,0.010446,0.052279,2.087,2.021,0.010456,0.999,7.6
SW02,sweep_block,mergen21_spec_20260429_050554_180partygirl_500int.dat,2026-04-29T02:06:31.000,25,25.0,,,1.0,,,,,122.32,1.81,117.63,6.848,0.512,10.853,12.293,97.28,7.3,20.53,123.0,,,,,,0.010229,0.009736,0.052279,1.979,1.884,0.010456,0.931,7.0
SW03,sweep_block,mergen21_spec_20260429_050554_180partygirl_500int.dat,2026-04-29T02:06:56.000,25,25.0,,,1.0,,,,,148.91,1.09,141.85,6.945,0.217,10.19,11.644,78.95,3.51,16.66,100.0,,,,,,0.010311,0.009713,0.052279,1.995,1.88,0.010456,0.929,7.1
SW04,sweep_block,mergen21_spec_20260429_050554_180partygirl_500int.dat,2026-04-29T02:07:21.000,25,25.0,,,1.0,,,,,161.93,0.79,161.71,8.913,0.19,10.593,12.291,79.56,2.36,16.79,89.0,,,,,,0.010764,0.00969,0.052279,2.083,1.875,0.010456,0.927,9.2
SW05,sweep_block,mergen21_spec_20260429_050554_180partygirl_500int.dat,2026-04-29T02:07:46.000,25,25.0,,,1.0,,,,,175.5,0.8,174.4,9.796,0.2,11.36,13.819,81.11,2.26,17.12,88.0,,,,,,0.0101,0.00944,0.052279,1.954,1.827,0.010456,0.903,10.4
SW06,sweep_block,mergen21_spec_20260429_050554_180partygirl_500int.dat,2026-04-29T02:08:11.000,24,24.0,,,1.0,,,,,179.88,0.79,173.47,12.982,0.282,16.16,17.431,75.48,2.17,15.93,92.0,,,,,,0.010591,0.009795,0.052279,2.049,1.895,0.010671,0.918,13.3
SW07,sweep_block,mergen21_spec_20260429_050554_180partygirl_500int.dat,2026-04-29T02:08:35.000,24,24.0,,,1.0,,,,,170.35,0.7,160.94,17.638,0.322,22.204,25.977,80.65,2.02,17.02,109.0,,,,,,0.011274,0.00905,0.052279,2.181,1.751,0.010671,0.848,19.5
SW08,sweep_block,mergen21_spec_20260429_050554_180partygirl_500int.dat,2026-04-29T02:08:59.000,24,24.0,,,1.0,,,,,155.13,0.61,148.2,21.803,0.346,27.912,30.205,86.56,1.95,18.27,110.0,,,,,,0.010964,0.009761,0.052279,2.121,1.889,0.010671,0.915,22.3
SW09,sweep_block,mergen21_spec_20260429_050554_180partygirl_500int.dat,2026-04-29T02:09:23.000,24,24.0,,,1.0,,,,,146.42,0.47,144.77,19.198,0.257,21.704,22.761,83.67,1.57,17.66,89.0,,,,,,0.010802,0.010249,0.052279,2.09,1.983,0.010671,0.96,18.7
SW10,sweep_block,mergen21_spec_20260429_050554_180partygirl_500int.dat,2026-04-29T02:09:47.000,24,24.0,,,1.0,,,,,125.86,0.89,122.18,10.437,0.361,13.58,15.219,82.84,3.48,17.48,93.0,,,,,,0.009802,0.009292,0.052279,1.897,1.798,0.010671,0.871,11.2
SW11,sweep_block,mergen21_spec_20260429_050554_180partygirl_500int.dat,2026-04-29T02:10:11.000,24,24.0,,,1.0,,,,,102.56,2.92,106.92,8.11,0.894,7.417,10.014,129.59,10.92,27.35,103.0,,,,,,0.010347,0.00978,0.052279,2.002,1.892,0.010671,0.916,8.3
SW12,sweep_block,mergen21_spec_20260429_050554_180partygirl_500int.dat,2026-04-29T02:10:35.000,24,24.0,,,1.0,,,,,75.38,13.06,93.24,3.01,0.78,3.754,5.719,137.32,35.0,28.98,118.0,,,,,,0.010775,0.010136,0.052279,2.085,1.961,0.010671,0.95,3.0
